vorname;geschlecht
Aabid;m
Aabish;w
Aada;w
Aadan;m
Aadhav;m
Aadhira;w
Aadhrit;m
Aadhya;w
Aadi;m
Aahana;w
Aahi;w
Aahil;m
Aairah;w
Aalan;m
Aalbin;m
Aaleyah;w
Aaliesha;w
Aalijah;w
Aalim;m
Aalisa;w
Aalisha;w
Aaliya;w
Aaliya-Aliza;w
Aaliyah;w
Aaliyah-Jasmina;w
Aaliyah-Leyla;w
Aaliyah-Mael;w
Aaliyah-Maria;w
Aaliyah-Yasmin;w
Aaliyha;w
Aalya;w
Aaman;m
Aamna;w
Aanya;w
Aaradhya;w
Aarav;m
Aari;m
Aarin;m
Aariya;w
Aariz;m
Aarna;w
Aarnav;m
Aarne;m
Aaro;m
Aarom;m
Aaron;m
Aaron-Benedict;m
Aaron-James;m
Aaron-Jayden;m
Aaron-Karl;m
Aaron-Kodzo;m
Aaronsson;m
Aaros;m
Aart;m
Aarun;m
Aaruthi;w
Aarvi;w
Aaryansh;m
Aasaal;m
Aashvi;w
Aastha;w
Aathi;m
Aatos;m
Aava;w
Aaya;w
Aayan;m
Aayansh;m
Aayat;w
Aaysha;w
Aba;w
Abai;m
Abas;m
Abass;m
Abayomi;m
Abbas;m
Abbasali;m
Abbe;m
Abbie;w
Abby;w
Abby-Lou;w
Abbygail;w
Abbygale;w
Abd;m
Abd-Allah;m
Abdülhamid;m
Abdülmelik;m
Abdalkarim;m
Abdalkerim;m
Abdalla;w
Abdallah;m
Abdalmalk;m
Abdalrahman;m
Abdalraouf;m
Abde;m
Abdel;m
Abdel-Kader;m
Abdel-Malik;m
Abdel-Samad;m
Abdelaziz;m